{"per_organ": {"liver": 0.9222217388739891, "right_kidney": 0.9599757775382185, "spleen": 0.9567227901131417, "pancreas": 0.8008775047042943, "aorta": 0.9533818197320568, "IVC": 0.927164524647379, "right_adrenal": 0.7404918212186707, "left_adrenal": 0.8084352908482249, "gallbladder": 0.9091701082911167, "esophagus": 0.8601015405389485, "stomach": 0.8642535880226238, "duodenum": null, "left_kidney": 0.9539023975180501}, "macro": 0.8880582418372261}